PROVCODE_A,PROVNAME_A,KOTCODE_A,KOTNAME_A,KECCODE_A,KECNAME_A,KELCODE_A,KELNAME_A,PROVCODE_B,PROVNAME_B,KOTCODE_B,KOTNAME_B,KECCODE_B,KECNAME_B,KELCODE_B,KELNAME_B,ACTION
32,JAWA BARAT,1,BOGOR,10,NANGGUNG,1,MALASARI,32,JAWA BARAT,1,BOGOR,10,NANGGUNG,1,MALASARI,match
32,JAWA BARAT,1,BOGOR,10,NANGGUNG,2,BANTAR KARET,32,JAWA BARAT,1,BOGOR,10,NANGGUNG,2,BANTAR KARET,match
32,JAWA BARAT,1,BOGOR,10,NANGGUNG,3,CISARUA,32,JAWA BARAT,1,BOGOR,10,NANGGUNG,3,CISARUA,match
32,JAWA BARAT,1,BOGOR,10,NANGGUNG,4,CURUG BITUNG,32,JAWA BARAT,1,BOGOR,10,NANGGUNG,4,CURUG BITUNG,match
32,JAWA BARAT,1,BOGOR,10,NANGGUNG,5,NANGGUNG,32,JAWA BARAT,1,BOGOR,10,NANGGUNG,5,NANGGUNG,match
32,JAWA BARAT,1,BOGOR,10,NANGGUNG,6,PANGKAL JAYA,32,JAWA BARAT,1,BOGOR,10,NANGGUNG,6,PANGKAL JAYA,match
32,JAWA BARAT,1,BOGOR,10,NANGGUNG,7,SUKALUYU,32,JAWA BARAT,1,BOGOR,10,NANGGUNG,7,SUKALUYU,match
32,JAWA BARAT,1,BOGOR,10,NANGGUNG,8,HAMBARO,32,JAWA BARAT,1,BOGOR,10,NANGGUNG,8,HAMBARO,match
32,JAWA BARAT,1,BOGOR,10,NANGGUNG,9,KALONG LIUD,32,JAWA BARAT,1,BOGOR,10,NANGGUNG,9,KALONG LIUD,match
32,JAWA BARAT,1,BOGOR,10,NANGGUNG,10,PARAKAN MUNCANG,32,JAWA BARAT,1,BOGOR,10,NANGGUNG,10,PARAKAN MUNCANG,match
32,JAWA BARAT,1,BOGOR,20,LEUWILIANG,1,PURASARI,32,JAWA BARAT,1,BOGOR,20,LEUWILIANG,1,PURASARI,match
32,JAWA BARAT,1,BOGOR,20,LEUWILIANG,2,PURASEDA,32,JAWA BARAT,1,BOGOR,20,LEUWILIANG,2,PURASEDA,match
32,JAWA BARAT,1,BOGOR,20,LEUWILIANG,3,KARYASARI,32,JAWA BARAT,1,BOGOR,20,LEUWILIANG,3,KARYASARI,match
32,JAWA BARAT,1,BOGOR,20,LEUWILIANG,4,PABANGBON,32,JAWA BARAT,1,BOGOR,20,LEUWILIANG,4,PABANGBON,match
32,JAWA BARAT,1,BOGOR,20,LEUWILIANG,5,KARACAK,32,JAWA BARAT,1,BOGOR,20,LEUWILIANG,5,KARACAK,match
32,JAWA BARAT,1,BOGOR,20,LEUWILIANG,6,BARENGKOK,32,JAWA BARAT,1,BOGOR,20,LEUWILIANG,6,BARENGKOK,match
32,JAWA BARAT,1,BOGOR,20,LEUWILIANG,7,CIBEBER II,32,JAWA BARAT,1,BOGOR,20,LEUWILIANG,7,CIBEBER II,match
32,JAWA BARAT,1,BOGOR,20,LEUWILIANG,16,CIBEBER I,32,JAWA BARAT,1,BOGOR,20,LEUWILIANG,16,CIBEBER I,match
32,JAWA BARAT,1,BOGOR,20,LEUWILIANG,17,LEUWIMEKAR,32,JAWA BARAT,1,BOGOR,20,LEUWILIANG,17,LEUWIMEKAR,match
32,JAWA BARAT,1,BOGOR,20,LEUWILIANG,18,LEUWILIANG,32,JAWA BARAT,1,BOGOR,20,LEUWILIANG,18,LEUWILIANG,match
32,JAWA BARAT,1,BOGOR,20,LEUWILIANG,19,KAREHKEL,32,JAWA BARAT,1,BOGOR,20,LEUWILIANG,19,KAREHKEL,match
32,JAWA BARAT,1,BOGOR,21,LEUWISADENG,1,WANGUN JAYA,32,JAWA BARAT,1,BOGOR,21,LEUWISADENG,1,WANGUN JAYA,match
32,JAWA BARAT,1,BOGOR,21,LEUWISADENG,2,SADENGKOLOT,32,JAWA BARAT,1,BOGOR,21,LEUWISADENG,2,SADENGKOLOT,match
32,JAWA BARAT,1,BOGOR,21,LEUWISADENG,3,LEUWISADENG,32,JAWA BARAT,1,BOGOR,21,LEUWISADENG,3,LEUWISADENG,match
32,JAWA BARAT,1,BOGOR,21,LEUWISADENG,4,SIBANTENG,32,JAWA BARAT,1,BOGOR,21,LEUWISADENG,4,SIBANTENG,match
32,JAWA BARAT,1,BOGOR,21,LEUWISADENG,5,BABAKAN SADENG,32,JAWA BARAT,1,BOGOR,21,LEUWISADENG,5,BABAKAN SADENG,match
32,JAWA BARAT,1,BOGOR,21,LEUWISADENG,6,SADENG,32,JAWA BARAT,1,BOGOR,21,LEUWISADENG,6,SADENG,match
32,JAWA BARAT,1,BOGOR,21,LEUWISADENG,7,KALONG II,32,JAWA BARAT,1,BOGOR,21,LEUWISADENG,7,KALONG II,match
32,JAWA BARAT,1,BOGOR,21,LEUWISADENG,8,KALONG I,32,JAWA BARAT,1,BOGOR,21,LEUWISADENG,8,KALONG I,match
32,JAWA BARAT,1,BOGOR,30,PAMIJAHAN,1,CIBUNIAN,32,JAWA BARAT,1,BOGOR,30,PAMIJAHAN,1,CIBUNIAN,match
32,JAWA BARAT,1,BOGOR,30,PAMIJAHAN,2,PURWABAKTI,32,JAWA BARAT,1,BOGOR,30,PAMIJAHAN,2,PURWABAKTI,match
32,JAWA BARAT,1,BOGOR,30,PAMIJAHAN,3,CIASMARA,32,JAWA BARAT,1,BOGOR,30,PAMIJAHAN,3,CIASMARA,match
32,JAWA BARAT,1,BOGOR,30,PAMIJAHAN,4,CIASIHAN,32,JAWA BARAT,1,BOGOR,30,PAMIJAHAN,4,CIASIHAN,match
32,JAWA BARAT,1,BOGOR,30,PAMIJAHAN,5,GUNUNG SARI,32,JAWA BARAT,1,BOGOR,30,PAMIJAHAN,5,GUNUNG SARI,match
32,JAWA BARAT,1,BOGOR,30,PAMIJAHAN,6,GUNUNG BUNDER 2,32,JAWA BARAT,1,BOGOR,30,PAMIJAHAN,6,GUNUNG BUNDER 2,match
32,JAWA BARAT,1,BOGOR,30,PAMIJAHAN,7,GUNUNG BUNDER 1,32,JAWA BARAT,1,BOGOR,30,PAMIJAHAN,7,GUNUNG BUNDER 1,match
32,JAWA BARAT,1,BOGOR,30,PAMIJAHAN,8,CIBENING,32,JAWA BARAT,1,BOGOR,30,PAMIJAHAN,8,CIBENING,match
32,JAWA BARAT,1,BOGOR,30,PAMIJAHAN,9,GUNUNG PICUNG,32,JAWA BARAT,1,BOGOR,30,PAMIJAHAN,9,GUNUNG PICUNG,match
32,JAWA BARAT,1,BOGOR,30,PAMIJAHAN,10,CIBITUNG KULON,32,JAWA BARAT,1,BOGOR,30,PAMIJAHAN,10,CIBITUNG KULON,match
32,JAWA BARAT,1,BOGOR,30,PAMIJAHAN,11,CIBITUNG WETAN,32,JAWA BARAT,1,BOGOR,30,PAMIJAHAN,11,CIBITUNG WETAN,match
32,JAWA BARAT,1,BOGOR,30,PAMIJAHAN,12,PAMIJAHAN,32,JAWA BARAT,1,BOGOR,30,PAMIJAHAN,12,PAMIJAHAN,match
32,JAWA BARAT,1,BOGOR,30,PAMIJAHAN,13,PASAREAN,32,JAWA BARAT,1,BOGOR,30,PAMIJAHAN,13,PASAREAN,match
32,JAWA BARAT,1,BOGOR,30,PAMIJAHAN,14,GUNUNG MENYAN,32,JAWA BARAT,1,BOGOR,30,PAMIJAHAN,14,GUNUNG MENYAN,match
32,JAWA BARAT,1,BOGOR,30,PAMIJAHAN,15,CIMAYANG,32,JAWA BARAT,1,BOGOR,30,PAMIJAHAN,15,CIMAYANG,match
32,JAWA BARAT,1,BOGOR,40,CIBUNGBULANG,1,SITU UDIK,32,JAWA BARAT,1,BOGOR,40,CIBUNGBULANG,1,SITU UDIK,match
32,JAWA BARAT,1,BOGOR,40,CIBUNGBULANG,2,SITU ILIR,32,JAWA BARAT,1,BOGOR,40,CIBUNGBULANG,2,SITU ILIR,match
32,JAWA BARAT,1,BOGOR,40,CIBUNGBULANG,3,CIBATOK 2,32,JAWA BARAT,1,BOGOR,40,CIBUNGBULANG,3,CIBATOK 2,match
32,JAWA BARAT,1,BOGOR,40,CIBUNGBULANG,4,CIARUTEN UDIK,32,JAWA BARAT,1,BOGOR,40,CIBUNGBULANG,4,CIARUTEN UDIK,match
32,JAWA BARAT,1,BOGOR,40,CIBUNGBULANG,5,CIBATOK 1,32,JAWA BARAT,1,BOGOR,40,CIBUNGBULANG,5,CIBATOK 1,match
32,JAWA BARAT,1,BOGOR,40,CIBUNGBULANG,6,SUKAMAJU,32,JAWA BARAT,1,BOGOR,40,CIBUNGBULANG,6,SUKAMAJU,match
32,JAWA BARAT,1,BOGOR,40,CIBUNGBULANG,7,CEMPLANG,32,JAWA BARAT,1,BOGOR,40,CIBUNGBULANG,7,CEMPLANG,match
32,JAWA BARAT,1,BOGOR,40,CIBUNGBULANG,8,GALUGA,32,JAWA BARAT,1,BOGOR,40,CIBUNGBULANG,8,GALUGA,match
32,JAWA BARAT,1,BOGOR,40,CIBUNGBULANG,9,DUKUH,32,JAWA BARAT,1,BOGOR,40,CIBUNGBULANG,9,DUKUH,match
32,JAWA BARAT,1,BOGOR,40,CIBUNGBULANG,10,CIMANGGU 2,32,JAWA BARAT,1,BOGOR,40,CIBUNGBULANG,10,CIMANGGU 2,match
32,JAWA BARAT,1,BOGOR,40,CIBUNGBULANG,11,CIMANGGU 1,32,JAWA BARAT,1,BOGOR,40,CIBUNGBULANG,11,CIMANGGU 1,match
32,JAWA BARAT,1,BOGOR,40,CIBUNGBULANG,12,GIRIMULYA,32,JAWA BARAT,1,BOGOR,40,CIBUNGBULANG,12,GIRIMULYA,match
32,JAWA BARAT,1,BOGOR,40,CIBUNGBULANG,13,LEUWEUNG KOLOT,32,JAWA BARAT,1,BOGOR,40,CIBUNGBULANG,13,LEUWEUNG KOLOT,match
32,JAWA BARAT,1,BOGOR,40,CIBUNGBULANG,14,CIARUTEN ILIR,32,JAWA BARAT,1,BOGOR,40,CIBUNGBULANG,14,CIARUTEN ILIR,match
32,JAWA BARAT,1,BOGOR,40,CIBUNGBULANG,15,CIJUJUNG,32,JAWA BARAT,1,BOGOR,40,CIBUNGBULANG,15,CIJUJUNG,match
32,JAWA BARAT,1,BOGOR,50,CIAMPEA,4,CIAMPEA UDIK,32,JAWA BARAT,1,BOGOR,50,CIAMPEA,4,CIAMPEA UDIK,match
32,JAWA BARAT,1,BOGOR,50,CIAMPEA,8,CINANGKA,32,JAWA BARAT,1,BOGOR,50,CIAMPEA,8,CINANGKA,match
32,JAWA BARAT,1,BOGOR,50,CIAMPEA,9,CIBUNTU,32,JAWA BARAT,1,BOGOR,50,CIAMPEA,9,CIBUNTU,match
32,JAWA BARAT,1,BOGOR,50,CIAMPEA,10,CICADAS,32,JAWA BARAT,1,BOGOR,50,CIAMPEA,10,CICADAS,match
32,JAWA BARAT,1,BOGOR,50,CIAMPEA,11,TEGAL WARU,32,JAWA BARAT,1,BOGOR,50,CIAMPEA,11,TEGAL WARU,match
32,JAWA BARAT,1,BOGOR,50,CIAMPEA,12,BOJONG JENGKOL,32,JAWA BARAT,1,BOGOR,50,CIAMPEA,12,BOJONG JENGKOL,match
32,JAWA BARAT,1,BOGOR,50,CIAMPEA,13,CIHIDEUNG UDIK,32,JAWA BARAT,1,BOGOR,50,CIAMPEA,13,CIHIDEUNG UDIK,match
32,JAWA BARAT,1,BOGOR,50,CIAMPEA,14,CIHIDEUNG ILIR,32,JAWA BARAT,1,BOGOR,50,CIAMPEA,14,CIHIDEUNG ILIR,match
32,JAWA BARAT,1,BOGOR,50,CIAMPEA,15,CIBANTENG,32,JAWA BARAT,1,BOGOR,50,CIAMPEA,15,CIBANTENG,match
32,JAWA BARAT,1,BOGOR,50,CIAMPEA,16,BOJONG RANGKAS,32,JAWA BARAT,1,BOGOR,50,CIAMPEA,16,BOJONG RANGKAS,match
32,JAWA BARAT,1,BOGOR,50,CIAMPEA,17,CIBADAK,32,JAWA BARAT,1,BOGOR,50,CIAMPEA,17,CIBADAK,match
32,JAWA BARAT,1,BOGOR,50,CIAMPEA,18,BENTENG,32,JAWA BARAT,1,BOGOR,50,CIAMPEA,18,BENTENG,match
32,JAWA BARAT,1,BOGOR,50,CIAMPEA,19,CIAMPEA,32,JAWA BARAT,1,BOGOR,50,CIAMPEA,19,CIAMPEA,match
32,JAWA BARAT,1,BOGOR,51,TENJOLAYA,1,TAPOS 1,32,JAWA BARAT,1,BOGOR,51,TENJOLAYA,1,TAPOS 1,match
32,JAWA BARAT,1,BOGOR,51,TENJOLAYA,2,GUNUNG MALANG,32,JAWA BARAT,1,BOGOR,51,TENJOLAYA,2,GUNUNG MALANG,match
32,JAWA BARAT,1,BOGOR,51,TENJOLAYA,3,TAPOS 2,32,JAWA BARAT,1,BOGOR,51,TENJOLAYA,3,TAPOS 2,match
32,JAWA BARAT,1,BOGOR,51,TENJOLAYA,4,SITU DAUN,32,JAWA BARAT,1,BOGOR,51,TENJOLAYA,4,SITU DAUN,match
32,JAWA BARAT,1,BOGOR,51,TENJOLAYA,5,CIBITUNG TENGAH,32,JAWA BARAT,1,BOGOR,51,TENJOLAYA,5,CIBITUNG TENGAH,match
32,JAWA BARAT,1,BOGOR,51,TENJOLAYA,6,CINANGNENG,32,JAWA BARAT,1,BOGOR,51,TENJOLAYA,6,CINANGNENG,match
32,JAWA BARAT,1,BOGOR,60,DRAMAGA,1,PURWASARI,32,JAWA BARAT,1,BOGOR,60,DRAMAGA,1,PURWASARI,match
32,JAWA BARAT,1,BOGOR,60,DRAMAGA,2,PETIR,32,JAWA BARAT,1,BOGOR,60,DRAMAGA,2,PETIR,match
32,JAWA BARAT,1,BOGOR,60,DRAMAGA,3,SUKADAMAI,32,JAWA BARAT,1,BOGOR,60,DRAMAGA,3,SUKADAMAI,match
32,JAWA BARAT,1,BOGOR,60,DRAMAGA,4,SUKAWENING,32,JAWA BARAT,1,BOGOR,60,DRAMAGA,4,SUKAWENING,match
32,JAWA BARAT,1,BOGOR,60,DRAMAGA,5,NEGLASARI,32,JAWA BARAT,1,BOGOR,60,DRAMAGA,5,NEGLASARI,match
32,JAWA BARAT,1,BOGOR,60,DRAMAGA,6,SINAR SARI,32,JAWA BARAT,1,BOGOR,60,DRAMAGA,6,SINAR SARI,match
32,JAWA BARAT,1,BOGOR,60,DRAMAGA,7,CIHERANG,32,JAWA BARAT,1,BOGOR,60,DRAMAGA,7,CIHERANG,match
32,JAWA BARAT,1,BOGOR,60,DRAMAGA,8,DRAMAGA,32,JAWA BARAT,1,BOGOR,60,DRAMAGA,8,DRAMAGA,match
32,JAWA BARAT,1,BOGOR,60,DRAMAGA,9,BABAKAN,32,JAWA BARAT,1,BOGOR,60,DRAMAGA,9,BABAKAN,match
32,JAWA BARAT,1,BOGOR,60,DRAMAGA,10,CIKARAWANG,32,JAWA BARAT,1,BOGOR,60,DRAMAGA,10,CIKARAWANG,match
32,JAWA BARAT,1,BOGOR,70,CIOMAS,9,KOTA BATU,32,JAWA BARAT,1,BOGOR,70,CIOMAS,9,KOTA BATU,match
32,JAWA BARAT,1,BOGOR,70,CIOMAS,10,MEKARJAYA,32,JAWA BARAT,1,BOGOR,70,CIOMAS,10,MEKARJAYA,match
32,JAWA BARAT,1,BOGOR,70,CIOMAS,11,PARAKAN,32,JAWA BARAT,1,BOGOR,70,CIOMAS,11,PARAKAN,match
32,JAWA BARAT,1,BOGOR,70,CIOMAS,12,CIOMAS,32,JAWA BARAT,1,BOGOR,70,CIOMAS,12,CIOMAS,match
32,JAWA BARAT,1,BOGOR,70,CIOMAS,13,PAGELARAN,32,JAWA BARAT,1,BOGOR,70,CIOMAS,13,PAGELARAN,match
32,JAWA BARAT,1,BOGOR,70,CIOMAS,14,SUKAMAKMUR,32,JAWA BARAT,1,BOGOR,70,CIOMAS,14,SUKAMAKMUR,match
32,JAWA BARAT,1,BOGOR,70,CIOMAS,15,CIAPUS,32,JAWA BARAT,1,BOGOR,70,CIOMAS,15,CIAPUS,match
32,JAWA BARAT,1,BOGOR,70,CIOMAS,16,SUKAHARJA,32,JAWA BARAT,1,BOGOR,70,CIOMAS,16,SUKAHARJA,match
32,JAWA BARAT,1,BOGOR,70,CIOMAS,17,PADASUKA,32,JAWA BARAT,1,BOGOR,70,CIOMAS,17,PADASUKA,match
32,JAWA BARAT,1,BOGOR,70,CIOMAS,18,CIOMAS RAHAYU,32,JAWA BARAT,1,BOGOR,70,CIOMAS,18,CIOMAS RAHAYU,match
32,JAWA BARAT,1,BOGOR,70,CIOMAS,19,LALADON,32,JAWA BARAT,1,BOGOR,70,CIOMAS,19,LALADON,match
32,JAWA BARAT,1,BOGOR,71,TAMANSARI,1,SUKAJADI,32,JAWA BARAT,1,BOGOR,71,TAMANSARI,1,SUKAJADI,match
32,JAWA BARAT,1,BOGOR,71,TAMANSARI,2,SUKALUYU,32,JAWA BARAT,1,BOGOR,71,TAMANSARI,2,SUKALUYU,match
32,JAWA BARAT,1,BOGOR,71,TAMANSARI,3,SUKAJAYA,32,JAWA BARAT,1,BOGOR,71,TAMANSARI,3,SUKAJAYA,match
32,JAWA BARAT,1,BOGOR,71,TAMANSARI,4,SUKARESMI,32,JAWA BARAT,1,BOGOR,71,TAMANSARI,4,SUKARESMI,match
32,JAWA BARAT,1,BOGOR,71,TAMANSARI,5,PASIR EURIH,32,JAWA BARAT,1,BOGOR,71,TAMANSARI,5,PASIR EURIH,match
32,JAWA BARAT,1,BOGOR,71,TAMANSARI,6,TAMAN SARI,32,JAWA BARAT,1,BOGOR,71,TAMANSARI,6,TAMAN SARI,match
32,JAWA BARAT,1,BOGOR,71,TAMANSARI,7,SUKAMANTRI,32,JAWA BARAT,1,BOGOR,71,TAMANSARI,7,SUKAMANTRI,match
32,JAWA BARAT,1,BOGOR,71,TAMANSARI,8,SIRNAGALIH,32,JAWA BARAT,1,BOGOR,71,TAMANSARI,8,SIRNAGALIH,match
32,JAWA BARAT,1,BOGOR,80,CIJERUK,10,WARUNG MENTENG,32,JAWA BARAT,1,BOGOR,80,CIJERUK,10,WARUNG MENTENG,match
32,JAWA BARAT,1,BOGOR,80,CIJERUK,11,CIJERUK,32,JAWA BARAT,1,BOGOR,80,CIJERUK,11,CIJERUK,match
32,JAWA BARAT,1,BOGOR,80,CIJERUK,12,CIPELANG,32,JAWA BARAT,1,BOGOR,80,CIJERUK,12,CIPELANG,match
32,JAWA BARAT,1,BOGOR,80,CIJERUK,13,CIBALUNG,32,JAWA BARAT,1,BOGOR,80,CIJERUK,13,CIBALUNG,match
32,JAWA BARAT,1,BOGOR,80,CIJERUK,14,CIPICUNG,32,JAWA BARAT,1,BOGOR,80,CIJERUK,14,CIPICUNG,match
32,JAWA BARAT,1,BOGOR,80,CIJERUK,15,TANJUNG SARI,32,JAWA BARAT,1,BOGOR,80,CIJERUK,15,TANJUNG SARI,match
32,JAWA BARAT,1,BOGOR,80,CIJERUK,16,TAJUR HALANG,32,JAWA BARAT,1,BOGOR,80,CIJERUK,16,TAJUR HALANG,match
32,JAWA BARAT,1,BOGOR,80,CIJERUK,17,PALASARI,32,JAWA BARAT,1,BOGOR,80,CIJERUK,17,PALASARI,match
32,JAWA BARAT,1,BOGOR,80,CIJERUK,18,SUKAHARJA,32,JAWA BARAT,1,BOGOR,80,CIJERUK,18,SUKAHARJA,match
32,JAWA BARAT,1,BOGOR,81,CIGOMBONG,1,TUGU JAYA,32,JAWA BARAT,1,BOGOR,81,CIGOMBONG,1,TUGU JAYA,match
32,JAWA BARAT,1,BOGOR,81,CIGOMBONG,2,CIGOMBONG,32,JAWA BARAT,1,BOGOR,81,CIGOMBONG,2,CIGOMBONG,match
32,JAWA BARAT,1,BOGOR,81,CIGOMBONG,3,WATES JAYA,32,JAWA BARAT,1,BOGOR,81,CIGOMBONG,3,WATES JAYA,match
32,JAWA BARAT,1,BOGOR,81,CIGOMBONG,4,SROGOL,32,JAWA BARAT,1,BOGOR,81,CIGOMBONG,4,SROGOL,match
32,JAWA BARAT,1,BOGOR,81,CIGOMBONG,5,CIBURUY,32,JAWA BARAT,1,BOGOR,81,CIGOMBONG,5,CIBURUY,match
32,JAWA BARAT,1,BOGOR,81,CIGOMBONG,6,CISALADA,32,JAWA BARAT,1,BOGOR,81,CIGOMBONG,6,CISALADA,match
32,JAWA BARAT,1,BOGOR,81,CIGOMBONG,7,PASIR JAYA,32,JAWA BARAT,1,BOGOR,81,CIGOMBONG,7,PASIR JAYA,match
32,JAWA BARAT,1,BOGOR,81,CIGOMBONG,8,CIBURAYUT,32,JAWA BARAT,1,BOGOR,81,CIGOMBONG,8,CIBURAYUT,match
32,JAWA BARAT,1,BOGOR,81,CIGOMBONG,9,CIADEG,32,JAWA BARAT,1,BOGOR,81,CIGOMBONG,9,CIADEG,match
32,JAWA BARAT,1,BOGOR,90,CARINGIN,1,PASIR BUNCIR,32,JAWA BARAT,1,BOGOR,90,CARINGIN,1,PASIR BUNCIR,match
32,JAWA BARAT,1,BOGOR,90,CARINGIN,2,CINAGARA,32,JAWA BARAT,1,BOGOR,90,CARINGIN,2,CINAGARA,match
32,JAWA BARAT,1,BOGOR,90,CARINGIN,3,TANGKIL,32,JAWA BARAT,1,BOGOR,90,CARINGIN,3,TANGKIL,match
32,JAWA BARAT,1,BOGOR,90,CARINGIN,4,PASIR MUNCANG,32,JAWA BARAT,1,BOGOR,90,CARINGIN,4,PASIR MUNCANG,match
32,JAWA BARAT,1,BOGOR,90,CARINGIN,5,MUARA JAYA,32,JAWA BARAT,1,BOGOR,90,CARINGIN,5,MUARA JAYA,match
32,JAWA BARAT,1,BOGOR,90,CARINGIN,6,CARINGIN,32,JAWA BARAT,1,BOGOR,90,CARINGIN,6,CARINGIN,match
32,JAWA BARAT,1,BOGOR,90,CARINGIN,7,LEMAH DUHUR,32,JAWA BARAT,1,BOGOR,90,CARINGIN,7,LEMAH DUHUR,match
32,JAWA BARAT,1,BOGOR,90,CARINGIN,8,CIMANDE,32,JAWA BARAT,1,BOGOR,90,CARINGIN,8,CIMANDE,match
32,JAWA BARAT,1,BOGOR,90,CARINGIN,9,PANCAWATI,32,JAWA BARAT,1,BOGOR,90,CARINGIN,9,PANCAWATI,match
32,JAWA BARAT,1,BOGOR,90,CARINGIN,10,CIDERUM,32,JAWA BARAT,1,BOGOR,90,CARINGIN,10,CIDERUM,match
32,JAWA BARAT,1,BOGOR,90,CARINGIN,11,CIHERANG PONDOK,32,JAWA BARAT,1,BOGOR,90,CARINGIN,11,CIHERANG PONDOK,match
32,JAWA BARAT,1,BOGOR,90,CARINGIN,12,CIMANDE HILIR,32,JAWA BARAT,1,BOGOR,90,CARINGIN,12,CIMANDE HILIR,match
32,JAWA BARAT,1,BOGOR,100,CIAWI,1,CILEUNGSI,32,JAWA BARAT,1,BOGOR,100,CIAWI,1,CILEUNGSI,match
32,JAWA BARAT,1,BOGOR,100,CIAWI,2,CITAPEN,32,JAWA BARAT,1,BOGOR,100,CIAWI,2,CITAPEN,match
32,JAWA BARAT,1,BOGOR,100,CIAWI,3,CIBEDUG,32,JAWA BARAT,1,BOGOR,100,CIAWI,3,CIBEDUG,match
32,JAWA BARAT,1,BOGOR,100,CIAWI,4,BOJONG MURNI,32,JAWA BARAT,1,BOGOR,100,CIAWI,4,BOJONG MURNI,match
32,JAWA BARAT,1,BOGOR,100,CIAWI,5,JAMBU LUWUK,32,JAWA BARAT,1,BOGOR,100,CIAWI,5,JAMBU LUWUK,match
32,JAWA BARAT,1,BOGOR,100,CIAWI,6,BANJAR SARI,32,JAWA BARAT,1,BOGOR,100,CIAWI,6,BANJAR SARI,match
32,JAWA BARAT,1,BOGOR,100,CIAWI,7,BANJAR WANGI,32,JAWA BARAT,1,BOGOR,100,CIAWI,7,BANJAR WANGI,match
32,JAWA BARAT,1,BOGOR,100,CIAWI,8,BITUNG SARI,32,JAWA BARAT,1,BOGOR,100,CIAWI,8,BITUNG SARI,match
32,JAWA BARAT,1,BOGOR,100,CIAWI,9,TELUK PINANG,32,JAWA BARAT,1,BOGOR,100,CIAWI,9,TELUK PINANG,match
32,JAWA BARAT,1,BOGOR,100,CIAWI,10,BANJAR WARU,32,JAWA BARAT,1,BOGOR,100,CIAWI,10,BANJAR WARU,match
32,JAWA BARAT,1,BOGOR,100,CIAWI,11,CIAWI,32,JAWA BARAT,1,BOGOR,100,CIAWI,11,CIAWI,match
32,JAWA BARAT,1,BOGOR,100,CIAWI,12,BENDUNGAN,32,JAWA BARAT,1,BOGOR,100,CIAWI,12,BENDUNGAN,match
32,JAWA BARAT,1,BOGOR,100,CIAWI,13,PANDANSARI,32,JAWA BARAT,1,BOGOR,100,CIAWI,13,PANDANSARI,match
32,JAWA BARAT,1,BOGOR,110,CISARUA,1,CITEKO,32,JAWA BARAT,1,BOGOR,110,CISARUA,1,CITEKO,match
32,JAWA BARAT,1,BOGOR,110,CISARUA,2,CIBEUREUM,32,JAWA BARAT,1,BOGOR,110,CISARUA,2,CIBEUREUM,match
32,JAWA BARAT,1,BOGOR,110,CISARUA,3,TUGU SELATAN,32,JAWA BARAT,1,BOGOR,110,CISARUA,3,TUGU SELATAN,match
32,JAWA BARAT,1,BOGOR,110,CISARUA,4,TUGU UTARA,32,JAWA BARAT,1,BOGOR,110,CISARUA,4,TUGU UTARA,match
32,JAWA BARAT,1,BOGOR,110,CISARUA,5,BATU LAYANG,32,JAWA BARAT,1,BOGOR,110,CISARUA,5,BATU LAYANG,match
32,JAWA BARAT,1,BOGOR,110,CISARUA,6,CISARUA,32,JAWA BARAT,1,BOGOR,110,CISARUA,6,CISARUA,match
32,JAWA BARAT,1,BOGOR,110,CISARUA,7,KOPO,32,JAWA BARAT,1,BOGOR,110,CISARUA,7,KOPO,match
32,JAWA BARAT,1,BOGOR,110,CISARUA,8,LEUWIMALANG,32,JAWA BARAT,1,BOGOR,110,CISARUA,8,LEUWIMALANG,match
32,JAWA BARAT,1,BOGOR,110,CISARUA,9,JOGJOGAN,32,JAWA BARAT,1,BOGOR,110,CISARUA,9,JOGJOGAN,match
32,JAWA BARAT,1,BOGOR,110,CISARUA,10,CILEMBER,32,JAWA BARAT,1,BOGOR,110,CISARUA,10,CILEMBER,match
32,JAWA BARAT,1,BOGOR,120,MEGAMENDUNG,1,SUKARESMI,32,JAWA BARAT,1,BOGOR,120,MEGAMENDUNG,1,SUKARESMI,match
32,JAWA BARAT,1,BOGOR,120,MEGAMENDUNG,2,SUKAGALIH,32,JAWA BARAT,1,BOGOR,120,MEGAMENDUNG,2,SUKAGALIH,match
32,JAWA BARAT,1,BOGOR,120,MEGAMENDUNG,3,KUTA,32,JAWA BARAT,1,BOGOR,120,MEGAMENDUNG,3,KUTA,match
32,JAWA BARAT,1,BOGOR,120,MEGAMENDUNG,4,SUKAKARYA,32,JAWA BARAT,1,BOGOR,120,MEGAMENDUNG,4,SUKAKARYA,match
32,JAWA BARAT,1,BOGOR,120,MEGAMENDUNG,5,SUKAMANAH,32,JAWA BARAT,1,BOGOR,120,MEGAMENDUNG,5,SUKAMANAH,match
32,JAWA BARAT,1,BOGOR,120,MEGAMENDUNG,6,SUKAMAJU,32,JAWA BARAT,1,BOGOR,120,MEGAMENDUNG,6,SUKAMAJU,match
32,JAWA BARAT,1,BOGOR,120,MEGAMENDUNG,7,SUKAMAHI,32,JAWA BARAT,1,BOGOR,120,MEGAMENDUNG,7,SUKAMAHI,match
32,JAWA BARAT,1,BOGOR,120,MEGAMENDUNG,8,GADOG,32,JAWA BARAT,1,BOGOR,120,MEGAMENDUNG,8,GADOG,match
32,JAWA BARAT,1,BOGOR,120,MEGAMENDUNG,9,CIPAYUNG DATAR,32,JAWA BARAT,1,BOGOR,120,MEGAMENDUNG,9,CIPAYUNG DATAR,match
32,JAWA BARAT,1,BOGOR,120,MEGAMENDUNG,10,CIPAYUNG GIRANG,32,JAWA BARAT,1,BOGOR,120,MEGAMENDUNG,10,CIPAYUNG GIRANG,match
32,JAWA BARAT,1,BOGOR,120,MEGAMENDUNG,11,MEGAMENDUNG,32,JAWA BARAT,1,BOGOR,120,MEGAMENDUNG,11,MEGAMENDUNG,match
32,JAWA BARAT,1,BOGOR,130,SUKARAJA,1,CIBANON,32,JAWA BARAT,1,BOGOR,130,SUKARAJA,1,CIBANON,match
32,JAWA BARAT,1,BOGOR,130,SUKARAJA,2,GUNUNG GEULIS,32,JAWA BARAT,1,BOGOR,130,SUKARAJA,2,GUNUNG GEULIS,match
32,JAWA BARAT,1,BOGOR,130,SUKARAJA,3,NAGRAK,32,JAWA BARAT,1,BOGOR,130,SUKARAJA,3,NAGRAK,match
32,JAWA BARAT,1,BOGOR,130,SUKARAJA,4,SUKATANI,32,JAWA BARAT,1,BOGOR,130,SUKARAJA,4,SUKATANI,match
32,JAWA BARAT,1,BOGOR,130,SUKARAJA,5,SUKARAJA,32,JAWA BARAT,1,BOGOR,130,SUKARAJA,5,SUKARAJA,match
32,JAWA BARAT,1,BOGOR,130,SUKARAJA,6,CIKEAS,32,JAWA BARAT,1,BOGOR,130,SUKARAJA,6,CIKEAS,match
32,JAWA BARAT,1,BOGOR,130,SUKARAJA,7,CADAS NGAMPAR,32,JAWA BARAT,1,BOGOR,130,SUKARAJA,7,CADAS NGAMPAR,match
32,JAWA BARAT,1,BOGOR,130,SUKARAJA,8,PASIRLAJA,32,JAWA BARAT,1,BOGOR,130,SUKARAJA,8,PASIRLAJA,match
32,JAWA BARAT,1,BOGOR,130,SUKARAJA,9,CIJUJUNG,32,JAWA BARAT,1,BOGOR,130,SUKARAJA,9,CIJUJUNG,match
32,JAWA BARAT,1,BOGOR,130,SUKARAJA,10,CIMANDALA,32,JAWA BARAT,1,BOGOR,130,SUKARAJA,10,CIMANDALA,match
32,JAWA BARAT,1,BOGOR,130,SUKARAJA,11,PASIR JAMBU,32,JAWA BARAT,1,BOGOR,130,SUKARAJA,11,PASIR JAMBU,match
32,JAWA BARAT,1,BOGOR,130,SUKARAJA,12,CILEBUT TIMUR,32,JAWA BARAT,1,BOGOR,130,SUKARAJA,12,CILEBUT TIMUR,match
32,JAWA BARAT,1,BOGOR,130,SUKARAJA,13,CILEBUT BARAT,32,JAWA BARAT,1,BOGOR,130,SUKARAJA,13,CILEBUT BARAT,match
32,JAWA BARAT,1,BOGOR,140,BABAKAN MADANG,1,CIJAYANTI,32,JAWA BARAT,1,BOGOR,140,BABAKAN MADANG,1,CIJAYANTI,match
32,JAWA BARAT,1,BOGOR,140,BABAKAN MADANG,2,BOJONG KONENG,32,JAWA BARAT,1,BOGOR,140,BABAKAN MADANG,2,BOJONG KONENG,match
32,JAWA BARAT,1,BOGOR,140,BABAKAN MADANG,3,KARANG TENGAH,32,JAWA BARAT,1,BOGOR,140,BABAKAN MADANG,3,KARANG TENGAH,match
32,JAWA BARAT,1,BOGOR,140,BABAKAN MADANG,4,SUMUR BATU,32,JAWA BARAT,1,BOGOR,140,BABAKAN MADANG,4,SUMUR BATU,match
32,JAWA BARAT,1,BOGOR,140,BABAKAN MADANG,5,BABAKAN MADANG,32,JAWA BARAT,1,BOGOR,140,BABAKAN MADANG,5,BABAKAN MADANG,match
32,JAWA BARAT,1,BOGOR,140,BABAKAN MADANG,6,CITARINGGUL,32,JAWA BARAT,1,BOGOR,140,BABAKAN MADANG,6,CITARINGGUL,match
32,JAWA BARAT,1,BOGOR,140,BABAKAN MADANG,7,CIPAMBUAN,32,JAWA BARAT,1,BOGOR,140,BABAKAN MADANG,7,CIPAMBUAN,match
32,JAWA BARAT,1,BOGOR,140,BABAKAN MADANG,8,KADUMANGU,32,JAWA BARAT,1,BOGOR,140,BABAKAN MADANG,8,KADUMANGU,match
32,JAWA BARAT,1,BOGOR,140,BABAKAN MADANG,9,SENTUL,32,JAWA BARAT,1,BOGOR,140,BABAKAN MADANG,9,SENTUL,match
32,JAWA BARAT,1,BOGOR,150,SUKAMAKMUR,1,SUKAWANGI,32,JAWA BARAT,1,BOGOR,150,SUKAMAKMUR,1,SUKAWANGI,match
32,JAWA BARAT,1,BOGOR,150,SUKAMAKMUR,2,SUKAHARJA,32,JAWA BARAT,1,BOGOR,150,SUKAMAKMUR,2,SUKAHARJA,match
32,JAWA BARAT,1,BOGOR,150,SUKAMAKMUR,3,WARGAJAYA,32,JAWA BARAT,1,BOGOR,150,SUKAMAKMUR,3,WARGAJAYA,match
32,JAWA BARAT,1,BOGOR,150,SUKAMAKMUR,4,SIRNAJAYA,32,JAWA BARAT,1,BOGOR,150,SUKAMAKMUR,4,SIRNAJAYA,match
32,JAWA BARAT,1,BOGOR,150,SUKAMAKMUR,5,SUKAMULYA,32,JAWA BARAT,1,BOGOR,150,SUKAMAKMUR,5,SUKAMULYA,match
32,JAWA BARAT,1,BOGOR,150,SUKAMAKMUR,6,SUKAMAKMUR,32,JAWA BARAT,1,BOGOR,150,SUKAMAKMUR,6,SUKAMAKMUR,match
32,JAWA BARAT,1,BOGOR,150,SUKAMAKMUR,7,CIBADAK,32,JAWA BARAT,1,BOGOR,150,SUKAMAKMUR,7,CIBADAK,match
32,JAWA BARAT,1,BOGOR,150,SUKAMAKMUR,8,PABUARAN,32,JAWA BARAT,1,BOGOR,150,SUKAMAKMUR,8,PABUARAN,match
32,JAWA BARAT,1,BOGOR,150,SUKAMAKMUR,9,SUKADAMAI,32,JAWA BARAT,1,BOGOR,150,SUKAMAKMUR,9,SUKADAMAI,match
32,JAWA BARAT,1,BOGOR,150,SUKAMAKMUR,10,SUKARESMI,32,JAWA BARAT,1,BOGOR,150,SUKAMAKMUR,10,SUKARESMI,match
32,JAWA BARAT,1,BOGOR,160,CARIU,11,KARYA MEKAR,32,JAWA BARAT,1,BOGOR,160,CARIU,11,KARYA MEKAR,match
32,JAWA BARAT,1,BOGOR,160,CARIU,12,BANTAR KUNING,32,JAWA BARAT,1,BOGOR,160,CARIU,12,BANTAR KUNING,match
32,JAWA BARAT,1,BOGOR,160,CARIU,13,CIKUTAMAHI,32,JAWA BARAT,1,BOGOR,160,CARIU,13,CIKUTAMAHI,match
32,JAWA BARAT,1,BOGOR,160,CARIU,14,CIBATU TIGA,32,JAWA BARAT,1,BOGOR,160,CARIU,14,CIBATU TIGA,match
32,JAWA BARAT,1,BOGOR,160,CARIU,15,MEKARWANGI,32,JAWA BARAT,1,BOGOR,160,CARIU,15,MEKARWANGI,match
32,JAWA BARAT,1,BOGOR,160,CARIU,16,TEGAL PANJANG,32,JAWA BARAT,1,BOGOR,160,CARIU,16,TEGAL PANJANG,match
32,JAWA BARAT,1,BOGOR,160,CARIU,17,CARIU,32,JAWA BARAT,1,BOGOR,160,CARIU,17,CARIU,match
32,JAWA BARAT,1,BOGOR,160,CARIU,18,KUTA MEKAR,32,JAWA BARAT,1,BOGOR,160,CARIU,18,KUTA MEKAR,match
32,JAWA BARAT,1,BOGOR,160,CARIU,19,SUKAJADI,32,JAWA BARAT,1,BOGOR,160,CARIU,19,SUKAJADI,match
32,JAWA BARAT,1,BOGOR,160,CARIU,20,BABAKAN RADEN,32,JAWA BARAT,1,BOGOR,160,CARIU,20,BABAKAN RADEN,match
32,JAWA BARAT,1,BOGOR,161,TANJUNGSARI,1,CIBADAK,32,JAWA BARAT,1,BOGOR,161,TANJUNGSARI,1,CIBADAK,match
32,JAWA BARAT,1,BOGOR,161,TANJUNGSARI,2,TANJUNG SARI,32,JAWA BARAT,1,BOGOR,161,TANJUNGSARI,2,TANJUNG SARI,match
32,JAWA BARAT,1,BOGOR,161,TANJUNGSARI,3,SIRNASARI,32,JAWA BARAT,1,BOGOR,161,TANJUNGSARI,3,SIRNASARI,match
32,JAWA BARAT,1,BOGOR,161,TANJUNGSARI,4,SIRNARASA,32,JAWA BARAT,1,BOGOR,161,TANJUNGSARI,4,SIRNARASA,match
32,JAWA BARAT,1,BOGOR,161,TANJUNGSARI,5,BUANAJAYA,32,JAWA BARAT,1,BOGOR,161,TANJUNGSARI,5,BUANAJAYA,match
32,JAWA BARAT,1,BOGOR,161,TANJUNGSARI,6,ANTAJAYA,32,JAWA BARAT,1,BOGOR,161,TANJUNGSARI,6,ANTAJAYA,match
32,JAWA BARAT,1,BOGOR,161,TANJUNGSARI,7,PASIR TANJUNG,32,JAWA BARAT,1,BOGOR,161,TANJUNGSARI,7,PASIR TANJUNG,match
32,JAWA BARAT,1,BOGOR,161,TANJUNGSARI,8,TANJUNG RASA,32,JAWA BARAT,1,BOGOR,161,TANJUNGSARI,8,TANJUNG RASA,match
32,JAWA BARAT,1,BOGOR,161,TANJUNGSARI,9,SUKARASA,32,JAWA BARAT,1,BOGOR,161,TANJUNGSARI,9,SUKARASA,match
32,JAWA BARAT,1,BOGOR,161,TANJUNGSARI,10,SELAWANGI,32,JAWA BARAT,1,BOGOR,161,TANJUNGSARI,10,SELAWANGI,match
32,JAWA BARAT,1,BOGOR,170,JONGGOL,1,SUKAJAYA,32,JAWA BARAT,1,BOGOR,170,JONGGOL,1,SUKAJAYA,match
32,JAWA BARAT,1,BOGOR,170,JONGGOL,2,SUKANEGARA,32,JAWA BARAT,1,BOGOR,170,JONGGOL,2,SUKANEGARA,match
32,JAWA BARAT,1,BOGOR,170,JONGGOL,3,CIBODAS,32,JAWA BARAT,1,BOGOR,170,JONGGOL,3,CIBODAS,match
32,JAWA BARAT,1,BOGOR,170,JONGGOL,4,SINGASARI,32,JAWA BARAT,1,BOGOR,170,JONGGOL,4,SINGASARI,match
32,JAWA BARAT,1,BOGOR,170,JONGGOL,5,SINGAJAYA,32,JAWA BARAT,1,BOGOR,170,JONGGOL,5,SINGAJAYA,match
32,JAWA BARAT,1,BOGOR,170,JONGGOL,6,SUKASIRNA,32,JAWA BARAT,1,BOGOR,170,JONGGOL,6,SUKASIRNA,match
32,JAWA BARAT,1,BOGOR,170,JONGGOL,7,BALEKAMBANG,32,JAWA BARAT,1,BOGOR,170,JONGGOL,7,BALEKAMBANG,match
32,JAWA BARAT,1,BOGOR,170,JONGGOL,8,BENDUNGAN,32,JAWA BARAT,1,BOGOR,170,JONGGOL,8,BENDUNGAN,match
32,JAWA BARAT,1,BOGOR,170,JONGGOL,9,SIRNAGALIH,32,JAWA BARAT,1,BOGOR,170,JONGGOL,9,SIRNAGALIH,match
32,JAWA BARAT,1,BOGOR,170,JONGGOL,10,JONGGOL,32,JAWA BARAT,1,BOGOR,170,JONGGOL,10,JONGGOL,match
32,JAWA BARAT,1,BOGOR,170,JONGGOL,11,SUKAMAJU,32,JAWA BARAT,1,BOGOR,170,JONGGOL,11,SUKAMAJU,match
32,JAWA BARAT,1,BOGOR,170,JONGGOL,12,SUKAMANAH,32,JAWA BARAT,1,BOGOR,170,JONGGOL,12,SUKAMANAH,match
32,JAWA BARAT,1,BOGOR,170,JONGGOL,13,WENINGGALIH,32,JAWA BARAT,1,BOGOR,170,JONGGOL,13,WENINGGALIH,match
32,JAWA BARAT,1,BOGOR,170,JONGGOL,14,SUKAGALIH,32,JAWA BARAT,1,BOGOR,170,JONGGOL,14,SUKAGALIH,match
32,JAWA BARAT,1,BOGOR,180,CILEUNGSI,10,DAYEUH,32,JAWA BARAT,1,BOGOR,180,CILEUNGSI,10,DAYEUH,match
32,JAWA BARAT,1,BOGOR,180,CILEUNGSI,11,MAMPIR,32,JAWA BARAT,1,BOGOR,180,CILEUNGSI,11,MAMPIR,match
32,JAWA BARAT,1,BOGOR,180,CILEUNGSI,12,SETU SARI,32,JAWA BARAT,1,BOGOR,180,CILEUNGSI,12,SETU SARI,match
32,JAWA BARAT,1,BOGOR,180,CILEUNGSI,13,CIPEUCANG,32,JAWA BARAT,1,BOGOR,180,CILEUNGSI,13,CIPEUCANG,match
32,JAWA BARAT,1,BOGOR,180,CILEUNGSI,14,JATISARI,32,JAWA BARAT,1,BOGOR,180,CILEUNGSI,14,JATISARI,match
32,JAWA BARAT,1,BOGOR,180,CILEUNGSI,15,GANDOANG,32,JAWA BARAT,1,BOGOR,180,CILEUNGSI,15,GANDOANG,match
32,JAWA BARAT,1,BOGOR,180,CILEUNGSI,16,MEKARSARI,32,JAWA BARAT,1,BOGOR,180,CILEUNGSI,16,MEKARSARI,match
32,JAWA BARAT,1,BOGOR,180,CILEUNGSI,17,CILEUNGSI KIDUL,32,JAWA BARAT,1,BOGOR,180,CILEUNGSI,17,CILEUNGSI KIDUL,match
32,JAWA BARAT,1,BOGOR,180,CILEUNGSI,18,CILEUNGSI,32,JAWA BARAT,1,BOGOR,180,CILEUNGSI,18,CILEUNGSI,match
32,JAWA BARAT,1,BOGOR,180,CILEUNGSI,19,LIMUS NUNGGAL,32,JAWA BARAT,1,BOGOR,180,CILEUNGSI,19,LIMUS NUNGGAL,match
32,JAWA BARAT,1,BOGOR,180,CILEUNGSI,20,PASIR ANGIN,32,JAWA BARAT,1,BOGOR,180,CILEUNGSI,20,PASIR ANGIN,match
32,JAWA BARAT,1,BOGOR,180,CILEUNGSI,21,CIPENJO,32,JAWA BARAT,1,BOGOR,180,CILEUNGSI,21,CIPENJO,match
32,JAWA BARAT,1,BOGOR,181,KELAPA NUNGGAL,1,LEUWIKARET,32,JAWA BARAT,1,BOGOR,181,KELAPA NUNGGAL,1,LEUWIKARET,match
32,JAWA BARAT,1,BOGOR,181,KELAPA NUNGGAL,2,LULUT,32,JAWA BARAT,1,BOGOR,181,KELAPA NUNGGAL,2,LULUT,match
32,JAWA BARAT,1,BOGOR,181,KELAPA NUNGGAL,3,BANTAR JATI,32,JAWA BARAT,1,BOGOR,181,KELAPA NUNGGAL,3,BANTAR JATI,match
32,JAWA BARAT,1,BOGOR,181,KELAPA NUNGGAL,4,NAMBO,32,JAWA BARAT,1,BOGOR,181,KELAPA NUNGGAL,4,NAMBO,match
32,JAWA BARAT,1,BOGOR,181,KELAPA NUNGGAL,5,KEMBANG KUNING,32,JAWA BARAT,1,BOGOR,181,KELAPA NUNGGAL,5,KEMBANG KUNING,match
32,JAWA BARAT,1,BOGOR,181,KELAPA NUNGGAL,6,KELAPA NUNGGAL,32,JAWA BARAT,1,BOGOR,181,KELAPA NUNGGAL,6,KELAPA NUNGGAL,match
32,JAWA BARAT,1,BOGOR,181,KELAPA NUNGGAL,7,LIGARMUKTI,32,JAWA BARAT,1,BOGOR,181,KELAPA NUNGGAL,7,LIGARMUKTI,match
32,JAWA BARAT,1,BOGOR,181,KELAPA NUNGGAL,8,BOJONG,32,JAWA BARAT,1,BOGOR,181,KELAPA NUNGGAL,8,BOJONG,match
32,JAWA BARAT,1,BOGOR,181,KELAPA NUNGGAL,9,CIKAHURIPAN,32,JAWA BARAT,1,BOGOR,181,KELAPA NUNGGAL,9,CIKAHURIPAN,match
32,JAWA BARAT,1,BOGOR,190,GUNUNG PUTRI,1,KARANGGAN,32,JAWA BARAT,1,BOGOR,190,GUNUNG PUTRI,1,KARANGGAN,match
32,JAWA BARAT,1,BOGOR,190,GUNUNG PUTRI,2,GUNUNG PUTRI,32,JAWA BARAT,1,BOGOR,190,GUNUNG PUTRI,2,GUNUNG PUTRI,match
32,JAWA BARAT,1,BOGOR,190,GUNUNG PUTRI,3,TLAJUNG UDIK,32,JAWA BARAT,1,BOGOR,190,GUNUNG PUTRI,3,TLAJUNG UDIK,match
32,JAWA BARAT,1,BOGOR,190,GUNUNG PUTRI,4,BOJONG NANGKA,32,JAWA BARAT,1,BOGOR,190,GUNUNG PUTRI,4,BOJONG NANGKA,match
32,JAWA BARAT,1,BOGOR,190,GUNUNG PUTRI,5,CICADAS,32,JAWA BARAT,1,BOGOR,190,GUNUNG PUTRI,5,CICADAS,match
32,JAWA BARAT,1,BOGOR,190,GUNUNG PUTRI,6,WANAHERANG,32,JAWA BARAT,1,BOGOR,190,GUNUNG PUTRI,6,WANAHERANG,match
32,JAWA BARAT,1,BOGOR,190,GUNUNG PUTRI,7,CIKEAS UDIK,32,JAWA BARAT,1,BOGOR,190,GUNUNG PUTRI,7,CIKEAS UDIK,match
32,JAWA BARAT,1,BOGOR,190,GUNUNG PUTRI,8,NAGRAK,32,JAWA BARAT,1,BOGOR,190,GUNUNG PUTRI,8,NAGRAK,match
32,JAWA BARAT,1,BOGOR,190,GUNUNG PUTRI,9,CIANGSANA,32,JAWA BARAT,1,BOGOR,190,GUNUNG PUTRI,9,CIANGSANA,match
32,JAWA BARAT,1,BOGOR,190,GUNUNG PUTRI,10,BOJONG KULUR,32,JAWA BARAT,1,BOGOR,190,GUNUNG PUTRI,10,BOJONG KULUR,match
32,JAWA BARAT,1,BOGOR,200,CITEUREUP,1,TANGKIL,32,JAWA BARAT,1,BOGOR,200,CITEUREUP,1,TANGKIL,match
32,JAWA BARAT,1,BOGOR,200,CITEUREUP,2,HAMBALANG,32,JAWA BARAT,1,BOGOR,200,CITEUREUP,2,HAMBALANG,match
32,JAWA BARAT,1,BOGOR,200,CITEUREUP,3,TAJUR,32,JAWA BARAT,1,BOGOR,200,CITEUREUP,3,TAJUR,match
32,JAWA BARAT,1,BOGOR,200,CITEUREUP,4,PASIR MUKTI,32,JAWA BARAT,1,BOGOR,200,CITEUREUP,4,PASIR MUKTI,match
32,JAWA BARAT,1,BOGOR,200,CITEUREUP,5,SUKAHATI,32,JAWA BARAT,1,BOGOR,200,CITEUREUP,5,SUKAHATI,match
32,JAWA BARAT,1,BOGOR,200,CITEUREUP,6,LEUWINUTUG,32,JAWA BARAT,1,BOGOR,200,CITEUREUP,6,LEUWINUTUG,match
32,JAWA BARAT,1,BOGOR,200,CITEUREUP,7,SANJA,32,JAWA BARAT,1,BOGOR,200,CITEUREUP,7,SANJA,match
32,JAWA BARAT,1,BOGOR,200,CITEUREUP,8,KARANG ASEM BARAT,32,JAWA BARAT,1,BOGOR,200,CITEUREUP,8,KARANG ASEM BARAT,match
32,JAWA BARAT,1,BOGOR,200,CITEUREUP,9,KARANG ASEM TIMUR,32,JAWA BARAT,1,BOGOR,200,CITEUREUP,9,KARANG ASEM TIMUR,match
32,JAWA BARAT,1,BOGOR,200,CITEUREUP,10,TARIKOLOT,32,JAWA BARAT,1,BOGOR,200,CITEUREUP,10,TARIKOLOT,match
32,JAWA BARAT,1,BOGOR,200,CITEUREUP,11,GUNUNG SARI,32,JAWA BARAT,1,BOGOR,200,CITEUREUP,11,GUNUNG SARI,match
32,JAWA BARAT,1,BOGOR,200,CITEUREUP,12,CITEUREUP,32,JAWA BARAT,1,BOGOR,200,CITEUREUP,12,CITEUREUP,match
32,JAWA BARAT,1,BOGOR,200,CITEUREUP,13,PUSPANEGARA,32,JAWA BARAT,1,BOGOR,200,CITEUREUP,13,PUSPANEGARA,match
32,JAWA BARAT,1,BOGOR,200,CITEUREUP,14,PUSPASARI,32,JAWA BARAT,1,BOGOR,200,CITEUREUP,14,PUSPASARI,match
32,JAWA BARAT,1,BOGOR,210,CIBINONG,1,KARADENAN,32,JAWA BARAT,1,BOGOR,210,CIBINONG,1,KARADENAN,match
32,JAWA BARAT,1,BOGOR,210,CIBINONG,2,NANGGEWER,32,JAWA BARAT,1,BOGOR,210,CIBINONG,2,NANGGEWER,match
32,JAWA BARAT,1,BOGOR,210,CIBINONG,3,NANGGEWER MEKAR,32,JAWA BARAT,1,BOGOR,210,CIBINONG,3,NANGGEWER MEKAR,match
32,JAWA BARAT,1,BOGOR,210,CIBINONG,4,CIBINONG,32,JAWA BARAT,1,BOGOR,210,CIBINONG,4,CIBINONG,match
32,JAWA BARAT,1,BOGOR,210,CIBINONG,5,PAKANSARI,32,JAWA BARAT,1,BOGOR,210,CIBINONG,5,PAKANSARI,match
32,JAWA BARAT,1,BOGOR,210,CIBINONG,6,SUKAHATI,32,JAWA BARAT,1,BOGOR,210,CIBINONG,6,SUKAHATI,match
32,JAWA BARAT,1,BOGOR,210,CIBINONG,7,TENGAH,32,JAWA BARAT,1,BOGOR,210,CIBINONG,7,TENGAH,match
32,JAWA BARAT,1,BOGOR,210,CIBINONG,8,PONDOK RAJEG,32,JAWA BARAT,1,BOGOR,210,CIBINONG,8,PONDOK RAJEG,match
32,JAWA BARAT,1,BOGOR,210,CIBINONG,9,HARAPAN JAYA,32,JAWA BARAT,1,BOGOR,210,CIBINONG,9,HARAPAN JAYA,match
32,JAWA BARAT,1,BOGOR,210,CIBINONG,10,PABUARAN,32,JAWA BARAT,1,BOGOR,210,CIBINONG,10,PABUARAN,match
32,JAWA BARAT,1,BOGOR,210,CIBINONG,11,CIRIMEKAR,32,JAWA BARAT,1,BOGOR,210,CIBINONG,11,CIRIMEKAR,match
32,JAWA BARAT,1,BOGOR,210,CIBINONG,12,CIRIUNG,32,JAWA BARAT,1,BOGOR,210,CIBINONG,12,CIRIUNG,match
32,JAWA BARAT,1,BOGOR,220,BOJONG GEDE,2,CIMANGGIS,32,JAWA BARAT,1,BOGOR,220,BOJONG GEDE,2,CIMANGGIS,match
32,JAWA BARAT,1,BOGOR,220,BOJONG GEDE,3,WARINGIN JAYA,32,JAWA BARAT,1,BOGOR,220,BOJONG GEDE,3,WARINGIN JAYA,match
32,JAWA BARAT,1,BOGOR,220,BOJONG GEDE,4,KEDUNG WARINGIN,32,JAWA BARAT,1,BOGOR,220,BOJONG GEDE,4,KEDUNG WARINGIN,match
32,JAWA BARAT,1,BOGOR,220,BOJONG GEDE,5,BOJONG GEDE,32,JAWA BARAT,1,BOGOR,220,BOJONG GEDE,5,BOJONG GEDE,match
32,JAWA BARAT,1,BOGOR,220,BOJONG GEDE,11,SUSUKAN,32,JAWA BARAT,1,BOGOR,220,BOJONG GEDE,11,SUSUKAN,match
32,JAWA BARAT,1,BOGOR,220,BOJONG GEDE,12,BOJONG BARU,32,JAWA BARAT,1,BOGOR,220,BOJONG GEDE,12,BOJONG BARU,match
32,JAWA BARAT,1,BOGOR,220,BOJONG GEDE,13,RAWA PANJANG,32,JAWA BARAT,1,BOGOR,220,BOJONG GEDE,13,RAWA PANJANG,match
32,JAWA BARAT,1,BOGOR,220,BOJONG GEDE,14,PABUARAN,32,JAWA BARAT,1,BOGOR,220,BOJONG GEDE,14,PABUARAN,match
32,JAWA BARAT,1,BOGOR,220,BOJONG GEDE,15,RAGAJAYA,32,JAWA BARAT,1,BOGOR,220,BOJONG GEDE,15,RAGAJAYA,match
32,JAWA BARAT,1,BOGOR,221,TAJUR HALANG,1,TONJONG,32,JAWA BARAT,1,BOGOR,221,TAJUR HALANG,1,TONJONG,match
32,JAWA BARAT,1,BOGOR,221,TAJUR HALANG,2,TAJUR HALANG,32,JAWA BARAT,1,BOGOR,221,TAJUR HALANG,2,TAJUR HALANG,match
32,JAWA BARAT,1,BOGOR,221,TAJUR HALANG,3,SUKMAJAYA,32,JAWA BARAT,1,BOGOR,221,TAJUR HALANG,3,SUKMAJAYA,match
32,JAWA BARAT,1,BOGOR,221,TAJUR HALANG,4,NANGGERANG,32,JAWA BARAT,1,BOGOR,221,TAJUR HALANG,4,NANGGERANG,match
32,JAWA BARAT,1,BOGOR,221,TAJUR HALANG,5,SASAK PANJANG,32,JAWA BARAT,1,BOGOR,221,TAJUR HALANG,5,SASAK PANJANG,match
32,JAWA BARAT,1,BOGOR,221,TAJUR HALANG,6,KALISUREN,32,JAWA BARAT,1,BOGOR,221,TAJUR HALANG,6,KALISUREN,match
32,JAWA BARAT,1,BOGOR,221,TAJUR HALANG,7,CITAYAM,32,JAWA BARAT,1,BOGOR,221,TAJUR HALANG,7,CITAYAM,match
32,JAWA BARAT,1,BOGOR,230,KEMANG,6,SEMPLAK BARAT,32,JAWA BARAT,1,BOGOR,230,KEMANG,6,SEMPLAK BARAT,match
32,JAWA BARAT,1,BOGOR,230,KEMANG,7,ATANG SENJAYA,32,JAWA BARAT,1,BOGOR,230,KEMANG,7,ATANG SENJAYA,match
32,JAWA BARAT,1,BOGOR,230,KEMANG,8,PARAKAN JAYA,32,JAWA BARAT,1,BOGOR,230,KEMANG,8,PARAKAN JAYA,match
32,JAWA BARAT,1,BOGOR,230,KEMANG,9,BOJONG,32,JAWA BARAT,1,BOGOR,230,KEMANG,9,BOJONG,match
32,JAWA BARAT,1,BOGOR,230,KEMANG,10,KEMANG,32,JAWA BARAT,1,BOGOR,230,KEMANG,10,KEMANG,match
32,JAWA BARAT,1,BOGOR,230,KEMANG,11,PABUARAN,32,JAWA BARAT,1,BOGOR,230,KEMANG,11,PABUARAN,match
32,JAWA BARAT,1,BOGOR,230,KEMANG,13,TEGAL,32,JAWA BARAT,1,BOGOR,230,KEMANG,13,TEGAL,match
32,JAWA BARAT,1,BOGOR,230,KEMANG,14,PONDOK UDIK,32,JAWA BARAT,1,BOGOR,230,KEMANG,14,PONDOK UDIK,match
32,JAWA BARAT,1,BOGOR,230,KEMANG,15,JAMPANG,32,JAWA BARAT,1,BOGOR,230,KEMANG,15,JAMPANG,match
32,JAWA BARAT,1,BOGOR,231,RANCA BUNGUR,1,MEKARSARI,32,JAWA BARAT,1,BOGOR,231,RANCA BUNGUR,1,MEKARSARI,match
32,JAWA BARAT,1,BOGOR,231,RANCA BUNGUR,2,RANCA BUNGUR,32,JAWA BARAT,1,BOGOR,231,RANCA BUNGUR,2,RANCA BUNGUR,match
32,JAWA BARAT,1,BOGOR,231,RANCA BUNGUR,3,PASIR GAOK,32,JAWA BARAT,1,BOGOR,231,RANCA BUNGUR,3,PASIR GAOK,match
32,JAWA BARAT,1,BOGOR,231,RANCA BUNGUR,4,BANTARJAYA,32,JAWA BARAT,1,BOGOR,231,RANCA BUNGUR,4,BANTARJAYA,match
32,JAWA BARAT,1,BOGOR,231,RANCA BUNGUR,5,BANTAR SARI,32,JAWA BARAT,1,BOGOR,231,RANCA BUNGUR,5,BANTAR SARI,match
32,JAWA BARAT,1,BOGOR,231,RANCA BUNGUR,6,CANDALI,32,JAWA BARAT,1,BOGOR,231,RANCA BUNGUR,6,CANDALI,match
32,JAWA BARAT,1,BOGOR,231,RANCA BUNGUR,7,CIMULANG,32,JAWA BARAT,1,BOGOR,231,RANCA BUNGUR,7,CIMULANG,match
32,JAWA BARAT,1,BOGOR,240,PARUNG,9,IWUL,32,JAWA BARAT,1,BOGOR,240,PARUNG,9,IWUL,match
32,JAWA BARAT,1,BOGOR,240,PARUNG,10,JABON MEKAR,32,JAWA BARAT,1,BOGOR,240,PARUNG,10,JABON MEKAR,match
32,JAWA BARAT,1,BOGOR,240,PARUNG,11,PAMAGER SARI,32,JAWA BARAT,1,BOGOR,240,PARUNG,11,PAMAGER SARI,match
32,JAWA BARAT,1,BOGOR,240,PARUNG,12,PARUNG,32,JAWA BARAT,1,BOGOR,240,PARUNG,12,PARUNG,match
32,JAWA BARAT,1,BOGOR,240,PARUNG,13,WARU,32,JAWA BARAT,1,BOGOR,240,PARUNG,13,WARU,match
32,JAWA BARAT,1,BOGOR,240,PARUNG,14,WARUJAYA,32,JAWA BARAT,1,BOGOR,240,PARUNG,14,WARUJAYA,match
32,JAWA BARAT,1,BOGOR,240,PARUNG,15,BOJONG SEMPU,32,JAWA BARAT,1,BOGOR,240,PARUNG,15,BOJONG SEMPU,match
32,JAWA BARAT,1,BOGOR,240,PARUNG,16,BOJONG INDAH,32,JAWA BARAT,1,BOGOR,240,PARUNG,16,BOJONG INDAH,match
32,JAWA BARAT,1,BOGOR,240,PARUNG,17,COGREG,32,JAWA BARAT,1,BOGOR,240,PARUNG,17,COGREG,match
32,JAWA BARAT,1,BOGOR,241,CISEENG,1,KARIHKIL,32,JAWA BARAT,1,BOGOR,241,CISEENG,1,KARIHKIL,match
32,JAWA BARAT,1,BOGOR,241,CISEENG,2,CIBEUTEUNG UDIK,32,JAWA BARAT,1,BOGOR,241,CISEENG,2,CIBEUTEUNG UDIK,match
32,JAWA BARAT,1,BOGOR,241,CISEENG,3,BABAKAN,32,JAWA BARAT,1,BOGOR,241,CISEENG,3,BABAKAN,match
32,JAWA BARAT,1,BOGOR,241,CISEENG,4,PUTAT NUTUG,32,JAWA BARAT,1,BOGOR,241,CISEENG,4,PUTAT NUTUG,match
32,JAWA BARAT,1,BOGOR,241,CISEENG,5,CIBEUTEUNG MUARA,32,JAWA BARAT,1,BOGOR,241,CISEENG,5,CIBEUTEUNG MUARA,match
32,JAWA BARAT,1,BOGOR,241,CISEENG,6,CIBENTANG,32,JAWA BARAT,1,BOGOR,241,CISEENG,6,CIBENTANG,match
32,JAWA BARAT,1,BOGOR,241,CISEENG,7,PARIGI MEKAR,32,JAWA BARAT,1,BOGOR,241,CISEENG,7,PARIGI MEKAR,match
32,JAWA BARAT,1,BOGOR,241,CISEENG,8,CISEENG,32,JAWA BARAT,1,BOGOR,241,CISEENG,8,CISEENG,match
32,JAWA BARAT,1,BOGOR,241,CISEENG,9,CIHOWE,32,JAWA BARAT,1,BOGOR,241,CISEENG,9,CIHOWE,match
32,JAWA BARAT,1,BOGOR,241,CISEENG,10,KURIPAN,32,JAWA BARAT,1,BOGOR,241,CISEENG,10,KURIPAN,match
32,JAWA BARAT,1,BOGOR,250,GUNUNG SINDUR,1,JAMPANG,32,JAWA BARAT,1,BOGOR,250,GUNUNG SINDUR,1,JAMPANG,match
32,JAWA BARAT,1,BOGOR,250,GUNUNG SINDUR,2,CIBADUNG,32,JAWA BARAT,1,BOGOR,250,GUNUNG SINDUR,2,CIBADUNG,match
32,JAWA BARAT,1,BOGOR,250,GUNUNG SINDUR,3,CIBINONG,32,JAWA BARAT,1,BOGOR,250,GUNUNG SINDUR,3,CIBINONG,match
32,JAWA BARAT,1,BOGOR,250,GUNUNG SINDUR,4,CIDOKOM,32,JAWA BARAT,1,BOGOR,250,GUNUNG SINDUR,4,CIDOKOM,match
32,JAWA BARAT,1,BOGOR,250,GUNUNG SINDUR,5,PADURENAN,32,JAWA BARAT,1,BOGOR,250,GUNUNG SINDUR,5,PADURENAN,match
32,JAWA BARAT,1,BOGOR,250,GUNUNG SINDUR,6,CURUG,32,JAWA BARAT,1,BOGOR,250,GUNUNG SINDUR,6,CURUG,match
32,JAWA BARAT,1,BOGOR,250,GUNUNG SINDUR,7,RAWAKALONG,32,JAWA BARAT,1,BOGOR,250,GUNUNG SINDUR,7,RAWAKALONG,match
32,JAWA BARAT,1,BOGOR,250,GUNUNG SINDUR,8,PENGASINAN,32,JAWA BARAT,1,BOGOR,250,GUNUNG SINDUR,8,PENGASINAN,match
32,JAWA BARAT,1,BOGOR,250,GUNUNG SINDUR,9,GUNUNG SINDUR,32,JAWA BARAT,1,BOGOR,250,GUNUNG SINDUR,9,GUNUNG SINDUR,match
32,JAWA BARAT,1,BOGOR,250,GUNUNG SINDUR,10,PABUARAN,32,JAWA BARAT,1,BOGOR,250,GUNUNG SINDUR,10,PABUARAN,match
32,JAWA BARAT,1,BOGOR,260,RUMPIN,1,LEUWIBATU,32,JAWA BARAT,1,BOGOR,260,RUMPIN,1,LEUWIBATU,match
32,JAWA BARAT,1,BOGOR,260,RUMPIN,2,CIDOKOM,32,JAWA BARAT,1,BOGOR,260,RUMPIN,2,CIDOKOM,match
32,JAWA BARAT,1,BOGOR,260,RUMPIN,3,GOBANG,32,JAWA BARAT,1,BOGOR,260,RUMPIN,3,GOBANG,match
32,JAWA BARAT,1,BOGOR,260,RUMPIN,4,RABAK,32,JAWA BARAT,1,BOGOR,260,RUMPIN,4,RABAK,match
32,JAWA BARAT,1,BOGOR,260,RUMPIN,5,CIBODAS,32,JAWA BARAT,1,BOGOR,260,RUMPIN,5,CIBODAS,match
32,JAWA BARAT,1,BOGOR,260,RUMPIN,6,KAMPUNG SAWAH,32,JAWA BARAT,1,BOGOR,260,RUMPIN,6,KAMPUNG SAWAH,match
32,JAWA BARAT,1,BOGOR,260,RUMPIN,7,RUMPIN,32,JAWA BARAT,1,BOGOR,260,RUMPIN,7,RUMPIN,match
32,JAWA BARAT,1,BOGOR,260,RUMPIN,8,CIPINANG,32,JAWA BARAT,1,BOGOR,260,RUMPIN,8,CIPINANG,match
32,JAWA BARAT,1,BOGOR,260,RUMPIN,9,SUKASARI,32,JAWA BARAT,1,BOGOR,260,RUMPIN,9,SUKASARI,match
32,JAWA BARAT,1,BOGOR,260,RUMPIN,10,KERTAJAYA,32,JAWA BARAT,1,BOGOR,260,RUMPIN,10,KERTAJAYA,match
32,JAWA BARAT,1,BOGOR,260,RUMPIN,11,TAMAN SARI,32,JAWA BARAT,1,BOGOR,260,RUMPIN,11,TAMAN SARI,match
32,JAWA BARAT,1,BOGOR,260,RUMPIN,12,SUKAMULYA,32,JAWA BARAT,1,BOGOR,260,RUMPIN,12,SUKAMULYA,match
32,JAWA BARAT,1,BOGOR,260,RUMPIN,13,MEKAR SARI,32,JAWA BARAT,1,BOGOR,260,RUMPIN,13,MEKAR SARI,match
32,JAWA BARAT,1,BOGOR,270,CIGUDEG,6,SUKARAKSA,32,JAWA BARAT,1,BOGOR,270,CIGUDEG,6,SUKARAKSA,match
32,JAWA BARAT,1,BOGOR,270,CIGUDEG,9,SUKAMAJU,32,JAWA BARAT,1,BOGOR,270,CIGUDEG,9,SUKAMAJU,match
32,JAWA BARAT,1,BOGOR,270,CIGUDEG,10,CIGUDEG,32,JAWA BARAT,1,BOGOR,270,CIGUDEG,10,CIGUDEG,match
32,JAWA BARAT,1,BOGOR,270,CIGUDEG,11,BANYU RESMI,32,JAWA BARAT,1,BOGOR,270,CIGUDEG,11,BANYU RESMI,match
32,JAWA BARAT,1,BOGOR,270,CIGUDEG,12,WARGAJAYA,32,JAWA BARAT,1,BOGOR,270,CIGUDEG,12,WARGAJAYA,match
32,JAWA BARAT,1,BOGOR,270,CIGUDEG,13,BUNAR,32,JAWA BARAT,1,BOGOR,270,CIGUDEG,13,BUNAR,match
32,JAWA BARAT,1,BOGOR,270,CIGUDEG,14,MEKARJAYA,32,JAWA BARAT,1,BOGOR,270,CIGUDEG,14,MEKARJAYA,match
32,JAWA BARAT,1,BOGOR,270,CIGUDEG,15,CINTAMANIK,32,JAWA BARAT,1,BOGOR,270,CIGUDEG,15,CINTAMANIK,match
32,JAWA BARAT,1,BOGOR,270,CIGUDEG,16,BANYU WANGI,32,JAWA BARAT,1,BOGOR,270,CIGUDEG,16,BANYU WANGI,match
32,JAWA BARAT,1,BOGOR,270,CIGUDEG,17,BANYU ASIH,32,JAWA BARAT,1,BOGOR,270,CIGUDEG,17,BANYU ASIH,match
32,JAWA BARAT,1,BOGOR,270,CIGUDEG,18,TEGALEGA,32,JAWA BARAT,1,BOGOR,270,CIGUDEG,18,TEGALEGA,match
32,JAWA BARAT,1,BOGOR,270,CIGUDEG,19,BATU JAJAR,32,JAWA BARAT,1,BOGOR,270,CIGUDEG,19,BATU JAJAR,match
32,JAWA BARAT,1,BOGOR,270,CIGUDEG,20,RENGASJAJAR,32,JAWA BARAT,1,BOGOR,270,CIGUDEG,20,RENGASJAJAR,match
32,JAWA BARAT,1,BOGOR,270,CIGUDEG,21,BANGUNJAYA,32,JAWA BARAT,1,BOGOR,270,CIGUDEG,21,BANGUNJAYA,match
32,JAWA BARAT,1,BOGOR,270,CIGUDEG,22,ARGAPURA,32,JAWA BARAT,1,BOGOR,270,CIGUDEG,22,ARGAPURA,match
32,JAWA BARAT,1,BOGOR,271,SUKAJAYA,1,CISARUA,32,JAWA BARAT,1,BOGOR,271,SUKAJAYA,1,CISARUA,match
32,JAWA BARAT,1,BOGOR,271,SUKAJAYA,2,KIARASARI,32,JAWA BARAT,1,BOGOR,271,SUKAJAYA,2,KIARASARI,match
32,JAWA BARAT,1,BOGOR,271,SUKAJAYA,3,KIARAPANDAK,32,JAWA BARAT,1,BOGOR,271,SUKAJAYA,3,KIARAPANDAK,match
32,JAWA BARAT,1,BOGOR,271,SUKAJAYA,4,HARKATJAYA,32,JAWA BARAT,1,BOGOR,271,SUKAJAYA,4,HARKATJAYA,match
32,JAWA BARAT,1,BOGOR,271,SUKAJAYA,5,SUKAJAYA,32,JAWA BARAT,1,BOGOR,271,SUKAJAYA,5,SUKAJAYA,match
32,JAWA BARAT,1,BOGOR,271,SUKAJAYA,6,SIPAYUNG,32,JAWA BARAT,1,BOGOR,271,SUKAJAYA,6,SIPAYUNG,match
32,JAWA BARAT,1,BOGOR,271,SUKAJAYA,7,SUKAMULIH,32,JAWA BARAT,1,BOGOR,271,SUKAJAYA,7,SUKAMULIH,match
32,JAWA BARAT,1,BOGOR,271,SUKAJAYA,8,PASIR MADANG,32,JAWA BARAT,1,BOGOR,271,SUKAJAYA,8,PASIR MADANG,match
32,JAWA BARAT,1,BOGOR,271,SUKAJAYA,9,CILEUKSA,32,JAWA BARAT,1,BOGOR,271,SUKAJAYA,9,CILEUKSA,match
32,JAWA BARAT,1,BOGOR,280,JASINGA,3,PANGRADIN,32,JAWA BARAT,1,BOGOR,280,JASINGA,3,PANGRADIN,match
32,JAWA BARAT,1,BOGOR,280,JASINGA,4,KALONGSAWAH,32,JAWA BARAT,1,BOGOR,280,JASINGA,4,KALONGSAWAH,match
32,JAWA BARAT,1,BOGOR,280,JASINGA,5,SIPAK,32,JAWA BARAT,1,BOGOR,280,JASINGA,5,SIPAK,match
32,JAWA BARAT,1,BOGOR,280,JASINGA,6,PAMAGERSARI,32,JAWA BARAT,1,BOGOR,280,JASINGA,6,PAMAGERSARI,match
32,JAWA BARAT,1,BOGOR,280,JASINGA,7,JUGALA JAYA,32,JAWA BARAT,1,BOGOR,280,JASINGA,7,JUGALA JAYA,match
32,JAWA BARAT,1,BOGOR,280,JASINGA,8,CURUG,32,JAWA BARAT,1,BOGOR,280,JASINGA,8,CURUG,match
32,JAWA BARAT,1,BOGOR,280,JASINGA,9,TEGAL WANGI,32,JAWA BARAT,1,BOGOR,280,JASINGA,9,TEGAL WANGI,match
32,JAWA BARAT,1,BOGOR,280,JASINGA,10,KOLEANG,32,JAWA BARAT,1,BOGOR,280,JASINGA,10,KOLEANG,match
32,JAWA BARAT,1,BOGOR,280,JASINGA,11,JASINGA,32,JAWA BARAT,1,BOGOR,280,JASINGA,11,JASINGA,match
32,JAWA BARAT,1,BOGOR,280,JASINGA,12,SETU,32,JAWA BARAT,1,BOGOR,280,JASINGA,12,SETU,match
32,JAWA BARAT,1,BOGOR,280,JASINGA,13,CIKOPOMAYAK,32,JAWA BARAT,1,BOGOR,280,JASINGA,13,CIKOPOMAYAK,match
32,JAWA BARAT,1,BOGOR,280,JASINGA,14,NEGLASARI,32,JAWA BARAT,1,BOGOR,280,JASINGA,14,NEGLASARI,match
32,JAWA BARAT,1,BOGOR,280,JASINGA,15,BAGOANG,32,JAWA BARAT,1,BOGOR,280,JASINGA,15,BAGOANG,match
32,JAWA BARAT,1,BOGOR,280,JASINGA,16,BARENGKOK,32,JAWA BARAT,1,BOGOR,280,JASINGA,16,BARENGKOK,match
32,JAWA BARAT,1,BOGOR,280,JASINGA,17,PANGAUR,32,JAWA BARAT,1,BOGOR,280,JASINGA,17,PANGAUR,match
32,JAWA BARAT,1,BOGOR,280,JASINGA,18,WIRAJAYA,32,JAWA BARAT,1,BOGOR,280,JASINGA,18,WIRAJAYA,match
32,JAWA BARAT,1,BOGOR,290,TENJO,1,CIOMAS,32,JAWA BARAT,1,BOGOR,290,TENJO,1,CIOMAS,match
32,JAWA BARAT,1,BOGOR,290,TENJO,2,TAPOS,32,JAWA BARAT,1,BOGOR,290,TENJO,2,TAPOS,match
32,JAWA BARAT,1,BOGOR,290,TENJO,3,BATOK,32,JAWA BARAT,1,BOGOR,290,TENJO,3,BATOK,match
32,JAWA BARAT,1,BOGOR,290,TENJO,4,BABAKAN,32,JAWA BARAT,1,BOGOR,290,TENJO,4,BABAKAN,match
32,JAWA BARAT,1,BOGOR,290,TENJO,5,BOJONG,32,JAWA BARAT,1,BOGOR,290,TENJO,5,BOJONG,match
32,JAWA BARAT,1,BOGOR,290,TENJO,6,SINGABRAJA,32,JAWA BARAT,1,BOGOR,290,TENJO,6,SINGABRAJA,match
32,JAWA BARAT,1,BOGOR,290,TENJO,7,TENJO,32,JAWA BARAT,1,BOGOR,290,TENJO,7,TENJO,match
32,JAWA BARAT,1,BOGOR,290,TENJO,8,CILAKU,32,JAWA BARAT,1,BOGOR,290,TENJO,8,CILAKU,match
32,JAWA BARAT,1,BOGOR,290,TENJO,9,SINGABANGSA,32,JAWA BARAT,1,BOGOR,290,TENJO,9,SINGABANGSA,match
32,JAWA BARAT,1,BOGOR,300,PARUNG PANJANG,1,JAGABAYA,32,JAWA BARAT,1,BOGOR,300,PARUNG PANJANG,1,JAGABAYA,match
32,JAWA BARAT,1,BOGOR,300,PARUNG PANJANG,2,GOROWONG,32,JAWA BARAT,1,BOGOR,300,PARUNG PANJANG,2,GOROWONG,match
32,JAWA BARAT,1,BOGOR,300,PARUNG PANJANG,3,DAGO,32,JAWA BARAT,1,BOGOR,300,PARUNG PANJANG,3,DAGO,match
32,JAWA BARAT,1,BOGOR,300,PARUNG PANJANG,4,CIKUDA,32,JAWA BARAT,1,BOGOR,300,PARUNG PANJANG,4,CIKUDA,match
32,JAWA BARAT,1,BOGOR,300,PARUNG PANJANG,5,PINGKU,32,JAWA BARAT,1,BOGOR,300,PARUNG PANJANG,5,PINGKU,match
32,JAWA BARAT,1,BOGOR,300,PARUNG PANJANG,6,LUMPANG,32,JAWA BARAT,1,BOGOR,300,PARUNG PANJANG,6,LUMPANG,match
32,JAWA BARAT,1,BOGOR,300,PARUNG PANJANG,7,GINTUNG CILEJET,32,JAWA BARAT,1,BOGOR,300,PARUNG PANJANG,7,GINTUNG CILEJET,match
32,JAWA BARAT,1,BOGOR,300,PARUNG PANJANG,8,JAGABITA,32,JAWA BARAT,1,BOGOR,300,PARUNG PANJANG,8,JAGABITA,match
32,JAWA BARAT,1,BOGOR,300,PARUNG PANJANG,9,CIBUNAR,32,JAWA BARAT,1,BOGOR,300,PARUNG PANJANG,9,CIBUNAR,match
32,JAWA BARAT,1,BOGOR,300,PARUNG PANJANG,10,PARUNG PANJANG,32,JAWA BARAT,1,BOGOR,300,PARUNG PANJANG,10,PARUNG PANJANG,match
32,JAWA BARAT,1,BOGOR,300,PARUNG PANJANG,11,KABASIRAN,32,JAWA BARAT,1,BOGOR,300,PARUNG PANJANG,11,KABASIRAN,match
32,JAWA BARAT,71,BOGOR,10,BOGOR SELATAN,1,MULYAHARJA,32,JAWA BARAT,71,BOGOR,10,BOGOR SELATAN,1,MULYAHARJA,match
32,JAWA BARAT,71,BOGOR,10,BOGOR SELATAN,2,PAMOYANAN,32,JAWA BARAT,71,BOGOR,10,BOGOR SELATAN,2,PAMOYANAN,match
32,JAWA BARAT,71,BOGOR,10,BOGOR SELATAN,3,RANGGAMEKAR,32,JAWA BARAT,71,BOGOR,10,BOGOR SELATAN,3,RANGGAMEKAR,match
32,JAWA BARAT,71,BOGOR,10,BOGOR SELATAN,4,GENTENG,32,JAWA BARAT,71,BOGOR,10,BOGOR SELATAN,4,GENTENG,match
32,JAWA BARAT,71,BOGOR,10,BOGOR SELATAN,5,KERTAMAYA,32,JAWA BARAT,71,BOGOR,10,BOGOR SELATAN,5,KERTAMAYA,match
32,JAWA BARAT,71,BOGOR,10,BOGOR SELATAN,6,RANCAMAYA,32,JAWA BARAT,71,BOGOR,10,BOGOR SELATAN,6,RANCAMAYA,match
32,JAWA BARAT,71,BOGOR,10,BOGOR SELATAN,7,BOJONGKERTA,32,JAWA BARAT,71,BOGOR,10,BOGOR SELATAN,7,BOJONGKERTA,match
32,JAWA BARAT,71,BOGOR,10,BOGOR SELATAN,8,HARJASARI,32,JAWA BARAT,71,BOGOR,10,BOGOR SELATAN,8,HARJASARI,match
32,JAWA BARAT,71,BOGOR,10,BOGOR SELATAN,9,MUARASARI,32,JAWA BARAT,71,BOGOR,10,BOGOR SELATAN,9,MUARASARI,match
32,JAWA BARAT,71,BOGOR,10,BOGOR SELATAN,10,PAKUAN,32,JAWA BARAT,71,BOGOR,10,BOGOR SELATAN,10,PAKUAN,match
32,JAWA BARAT,71,BOGOR,10,BOGOR SELATAN,11,CIPAKU,32,JAWA BARAT,71,BOGOR,10,BOGOR SELATAN,11,CIPAKU,match
32,JAWA BARAT,71,BOGOR,10,BOGOR SELATAN,12,LAWANGGINTUNG,32,JAWA BARAT,71,BOGOR,10,BOGOR SELATAN,12,LAWANGGINTUNG,match
32,JAWA BARAT,71,BOGOR,10,BOGOR SELATAN,13,BATUTULIS,32,JAWA BARAT,71,BOGOR,10,BOGOR SELATAN,13,BATUTULIS,match
32,JAWA BARAT,71,BOGOR,10,BOGOR SELATAN,14,BONDONGAN,32,JAWA BARAT,71,BOGOR,10,BOGOR SELATAN,14,BONDONGAN,match
32,JAWA BARAT,71,BOGOR,10,BOGOR SELATAN,15,EMPANG,32,JAWA BARAT,71,BOGOR,10,BOGOR SELATAN,15,EMPANG,match
32,JAWA BARAT,71,BOGOR,10,BOGOR SELATAN,16,CIKARET,32,JAWA BARAT,71,BOGOR,10,BOGOR SELATAN,16,CIKARET,match
32,JAWA BARAT,71,BOGOR,20,BOGOR TIMUR,1,SINDANGSARI,32,JAWA BARAT,71,BOGOR,20,BOGOR TIMUR,1,SINDANGSARI,match
32,JAWA BARAT,71,BOGOR,20,BOGOR TIMUR,2,SINDANGRASA,32,JAWA BARAT,71,BOGOR,20,BOGOR TIMUR,2,SINDANGRASA,match
32,JAWA BARAT,71,BOGOR,20,BOGOR TIMUR,3,TAJUR,32,JAWA BARAT,71,BOGOR,20,BOGOR TIMUR,3,TAJUR,match
32,JAWA BARAT,71,BOGOR,20,BOGOR TIMUR,4,KATULAMPA,32,JAWA BARAT,71,BOGOR,20,BOGOR TIMUR,4,KATULAMPA,match
32,JAWA BARAT,71,BOGOR,20,BOGOR TIMUR,5,BARANANGSIANG,32,JAWA BARAT,71,BOGOR,20,BOGOR TIMUR,5,BARANANGSIANG,match
32,JAWA BARAT,71,BOGOR,20,BOGOR TIMUR,6,SUKASARI,32,JAWA BARAT,71,BOGOR,20,BOGOR TIMUR,6,SUKASARI,match
32,JAWA BARAT,71,BOGOR,30,BOGOR UTARA,1,BANTARJATI,32,JAWA BARAT,71,BOGOR,30,BOGOR UTARA,1,BANTARJATI,match
32,JAWA BARAT,71,BOGOR,30,BOGOR UTARA,2,TEGALGUNDIL,32,JAWA BARAT,71,BOGOR,30,BOGOR UTARA,2,TEGALGUNDIL,match
32,JAWA BARAT,71,BOGOR,30,BOGOR UTARA,3,TANAHBARU,32,JAWA BARAT,71,BOGOR,30,BOGOR UTARA,3,TANAHBARU,match
32,JAWA BARAT,71,BOGOR,30,BOGOR UTARA,4,CIMAHPAR,32,JAWA BARAT,71,BOGOR,30,BOGOR UTARA,4,CIMAHPAR,match
32,JAWA BARAT,71,BOGOR,30,BOGOR UTARA,5,CILUAR,32,JAWA BARAT,71,BOGOR,30,BOGOR UTARA,5,CILUAR,match
32,JAWA BARAT,71,BOGOR,30,BOGOR UTARA,6,CIBULUH,32,JAWA BARAT,71,BOGOR,30,BOGOR UTARA,6,CIBULUH,match
32,JAWA BARAT,71,BOGOR,30,BOGOR UTARA,7,KEDUNGHALANG,32,JAWA BARAT,71,BOGOR,30,BOGOR UTARA,7,KEDUNGHALANG,match
32,JAWA BARAT,71,BOGOR,30,BOGOR UTARA,8,CIPARIGI,32,JAWA BARAT,71,BOGOR,30,BOGOR UTARA,8,CIPARIGI,match
32,JAWA BARAT,71,BOGOR,40,BOGOR TENGAH,1,PALEDANG,32,JAWA BARAT,71,BOGOR,40,BOGOR TENGAH,1,PALEDANG,match
32,JAWA BARAT,71,BOGOR,40,BOGOR TENGAH,2,GUDANG,32,JAWA BARAT,71,BOGOR,40,BOGOR TENGAH,2,GUDANG,match
32,JAWA BARAT,71,BOGOR,40,BOGOR TENGAH,3,BABAKANPASAR,32,JAWA BARAT,71,BOGOR,40,BOGOR TENGAH,3,BABAKANPASAR,match
32,JAWA BARAT,71,BOGOR,40,BOGOR TENGAH,4,TEGALLEGA,32,JAWA BARAT,71,BOGOR,40,BOGOR TENGAH,4,TEGALLEGA,match
32,JAWA BARAT,71,BOGOR,40,BOGOR TENGAH,5,BABAKAN,32,JAWA BARAT,71,BOGOR,40,BOGOR TENGAH,5,BABAKAN,match
32,JAWA BARAT,71,BOGOR,40,BOGOR TENGAH,6,SEMPUR,32,JAWA BARAT,71,BOGOR,40,BOGOR TENGAH,6,SEMPUR,match
32,JAWA BARAT,71,BOGOR,40,BOGOR TENGAH,7,PABATON,32,JAWA BARAT,71,BOGOR,40,BOGOR TENGAH,7,PABATON,match
32,JAWA BARAT,71,BOGOR,40,BOGOR TENGAH,8,CIBOGOR,32,JAWA BARAT,71,BOGOR,40,BOGOR TENGAH,8,CIBOGOR,match
32,JAWA BARAT,71,BOGOR,40,BOGOR TENGAH,9,PANARAGAN,32,JAWA BARAT,71,BOGOR,40,BOGOR TENGAH,9,PANARAGAN,match
32,JAWA BARAT,71,BOGOR,40,BOGOR TENGAH,10,KEBONKELAPA,32,JAWA BARAT,71,BOGOR,40,BOGOR TENGAH,10,KEBONKELAPA,match
32,JAWA BARAT,71,BOGOR,40,BOGOR TENGAH,11,CIWARINGIN,32,JAWA BARAT,71,BOGOR,40,BOGOR TENGAH,11,CIWARINGIN,match
32,JAWA BARAT,71,BOGOR,50,BOGOR BARAT,1,PASIRMULYA,32,JAWA BARAT,71,BOGOR,50,BOGOR BARAT,1,PASIRMULYA,match
32,JAWA BARAT,71,BOGOR,50,BOGOR BARAT,2,PASIRKUDA,32,JAWA BARAT,71,BOGOR,50,BOGOR BARAT,2,PASIRKUDA,match
32,JAWA BARAT,71,BOGOR,50,BOGOR BARAT,3,PASIRJAYA,32,JAWA BARAT,71,BOGOR,50,BOGOR BARAT,3,PASIRJAYA,match
32,JAWA BARAT,71,BOGOR,50,BOGOR BARAT,4,GUNUNGBATU,32,JAWA BARAT,71,BOGOR,50,BOGOR BARAT,4,GUNUNGBATU,match
32,JAWA BARAT,71,BOGOR,50,BOGOR BARAT,5,LOJI,32,JAWA BARAT,71,BOGOR,50,BOGOR BARAT,5,LOJI,match
32,JAWA BARAT,71,BOGOR,50,BOGOR BARAT,6,MENTENG,32,JAWA BARAT,71,BOGOR,50,BOGOR BARAT,6,MENTENG,match
32,JAWA BARAT,71,BOGOR,50,BOGOR BARAT,7,CILENDEK TIMUR,32,JAWA BARAT,71,BOGOR,50,BOGOR BARAT,7,CILENDEK TIMUR,match
32,JAWA BARAT,71,BOGOR,50,BOGOR BARAT,8,CILENDEK BARAT,32,JAWA BARAT,71,BOGOR,50,BOGOR BARAT,8,CILENDEK BARAT,match
32,JAWA BARAT,71,BOGOR,50,BOGOR BARAT,9,SINDANGBARANG,32,JAWA BARAT,71,BOGOR,50,BOGOR BARAT,9,SINDANGBARANG,match
32,JAWA BARAT,71,BOGOR,50,BOGOR BARAT,10,MARGAJAYA,32,JAWA BARAT,71,BOGOR,50,BOGOR BARAT,10,MARGAJAYA,match
32,JAWA BARAT,71,BOGOR,50,BOGOR BARAT,11,BALUNGBANGJAYA,32,JAWA BARAT,71,BOGOR,50,BOGOR BARAT,11,BALUNGBANGJAYA,match
32,JAWA BARAT,71,BOGOR,50,BOGOR BARAT,12,SITUGEDE,32,JAWA BARAT,71,BOGOR,50,BOGOR BARAT,12,SITUGEDE,match
32,JAWA BARAT,71,BOGOR,50,BOGOR BARAT,13,BUBULAK,32,JAWA BARAT,71,BOGOR,50,BOGOR BARAT,13,BUBULAK,match
32,JAWA BARAT,71,BOGOR,50,BOGOR BARAT,14,SEMPLAK,32,JAWA BARAT,71,BOGOR,50,BOGOR BARAT,14,SEMPLAK,match
32,JAWA BARAT,71,BOGOR,50,BOGOR BARAT,15,CURUGMEKAR,32,JAWA BARAT,71,BOGOR,50,BOGOR BARAT,15,CURUGMEKAR,match
32,JAWA BARAT,71,BOGOR,50,BOGOR BARAT,16,CURUG,32,JAWA BARAT,71,BOGOR,50,BOGOR BARAT,16,CURUG,match
32,JAWA BARAT,71,BOGOR,60,TANAH SEREAL,1,KEDUNGWARINGIN,32,JAWA BARAT,71,BOGOR,60,TANAH SEREAL,1,KEDUNGWARINGIN,match
32,JAWA BARAT,71,BOGOR,60,TANAH SEREAL,2,KEDUNGJAYA,32,JAWA BARAT,71,BOGOR,60,TANAH SEREAL,2,KEDUNGJAYA,match
32,JAWA BARAT,71,BOGOR,60,TANAH SEREAL,3,KEBONPEDES,32,JAWA BARAT,71,BOGOR,60,TANAH SEREAL,3,KEBONPEDES,match
32,JAWA BARAT,71,BOGOR,60,TANAH SEREAL,4,TANAHSAREAL,32,JAWA BARAT,71,BOGOR,60,TANAH SEREAL,4,TANAHSAREAL,match
32,JAWA BARAT,71,BOGOR,60,TANAH SEREAL,5,KEDUNGBADAK,32,JAWA BARAT,71,BOGOR,60,TANAH SEREAL,5,KEDUNGBADAK,match
32,JAWA BARAT,71,BOGOR,60,TANAH SEREAL,6,SUKARESMI,32,JAWA BARAT,71,BOGOR,60,TANAH SEREAL,6,SUKARESMI,match
32,JAWA BARAT,71,BOGOR,88,TANAH SEREAL,7,BUKADAMAI 1,32,JAWA BARAT,71,BOGOR,88,TANAH SEREAL,7,BUKADAMAI,bergabung
32,JAWA BARAT,71,BOGOR,60,TANAH SEREAL,9,KAYUMANIS,32,JAWA BARAT,71,BOGOR,60,TANAH SEREAL,9,KAYUMANIS,match
32,JAWA BARAT,71,BOGOR,60,TANAH SEREAL,10,MEKARWANGI,32,JAWA BARAT,71,BOGOR,60,TANAH SEREAL,10,MEKARWANGI,match
32,JAWA BARAT,71,BOGOR,60,TANAH SEREAL,11,KENCANA,32,JAWA BARAT,71,BOGOR,60,TANAH SEREAL,11,KENCANA,match
32,JAWA BARAT,71,BOGOR,88,TANAH SEREAL,8,BUKADAMAI 2,32,JAWA BARAT,71,BOGOR,88,TANAH SEREAL,7,BUKADAMAI,bergabung
